quality_pre,quality_post,quantity_pre,quantity_post,score_pre,score_post,improvement,improvement_percent
72.616,72.576,40.0,40.0,112.616,112.576,-0.04000000000000625,-0.03551577788433066
64.024,72.124,45.0,37.5,109.024,109.624,0.5999999999999943,0.5502870664196436
65.43199999999999,72.304,42.5,42.5,107.93199999999999,114.804,6.872000000000014,6.366381945859827
65.984,66.21600000000001,37.5,42.5,103.484,108.71600000000001,5.2320000000000135,5.055365528436445
61.96,66.868,42.5,40.0,104.46000000000001,106.868,2.407999999999987,2.3049679333779904
60.896,69.368,40.0,40.0,100.896,109.368,8.471999999999994,8.395932848393548
63.832,66.868,40.0,37.5,103.832,104.368,0.5360000000000014,0.5161687948999455
70.896,72.304,40.0,40.0,110.896,112.304,1.4080000000000013,1.2695435774439625
69.368,66.868,42.5,37.5,111.868,104.368,-7.5,-6.703730849675539
61.96,60.535999999999994,37.5,40.0,99.46000000000001,100.536,1.0759999999999934,1.0817331858851846
62.428,66.484,37.5,40.0,99.928,106.484,6.555999999999997,6.560067241689844
61.391999999999996,58.488,45.0,42.5,106.392,100.988,-5.403999999999996,-5.078851901280047
63.964,66.616,37.5,37.5,101.464,104.116,2.652000000000001,2.6134773439501755
63.896,66.076,37.5,42.5,101.396,108.576,7.179999999999993,7.080448888625912
60.632000000000005,64.368,42.5,40.0,103.132,104.368,1.23599999999999,1.1983479087083728
63.932,69.27199999999999,37.5,40.0,101.432,109.27199999999999,7.839999999999989,7.72855424774747
63.96,66.616,42.5,40.0,106.46000000000001,106.616,0.1559999999999917,0.1465201465201387
63.396,65.224,42.5,37.5,105.896,102.724,-3.171999999999997,-2.9951088701301125
66.432,65.116,40.0,40.0,106.432,105.116,-1.3160000000000025,-1.2363540707615437
59.46,61.432,40.0,37.5,99.46000000000001,98.932,-0.5280000000000058,-0.530813310545899
67.168,68.036,42.5,45.0,109.668,113.036,3.367999999999995,3.0708072721967894
67.304,64.804,37.5,37.5,104.804,102.304,-2.5,-2.3851775526170167
59.44799999999999,64.27199999999999,40.0,40.0,99.448,104.27199999999999,4.823999999999998,4.85028856401697
61.96,65.224,37.5,37.5,99.46000000000001,102.724,3.263999999999996,3.281391374283699
64.532,69.356,0.0,42.5,64.532,111.856,47.324,73.32279755817916
60.076,67.876,37.5,37.5,97.576,105.376,7.800000000000011,7.9929498083741635
59.532,64.356,40.0,40.0,99.532,104.356,4.823999999999998,4.846195575736873
62.168,62.168,37.5,37.5,99.668,99.668,0.0,0.0
63.848,69.632,40.0,37.5,103.848,107.132,3.284000000000006,3.1620096670453948
62.032,64.27199999999999,42.5,35.0,104.532,99.27199999999999,-5.260000000000005,-5.0314706051156515
70.83600000000001,63.775999999999996,37.5,40.0,108.33600000000001,103.776,-4.5600000000000165,-4.208738670555458
61.964,67.576,42.5,37.5,104.464,105.076,0.6119999999999948,0.5857916802266543
68.56800000000001,69.024,50.0,40.0,118.56800000000001,109.024,-9.544000000000011,-8.048710553391025
61.94799999999999,69.448,37.5,42.5,99.448,111.948,12.5,12.568119206097046
66.96000000000001,69.632,37.5,40.0,104.46000000000001,109.632,5.171999999999997,4.950703551258731
66.524,69.976,45.0,37.5,111.524,107.476,-4.048000000000002,-3.629386554772537
62.568,65.20400000000001,40.0,42.5,102.568,107.70400000000001,5.13600000000001,5.006921562128341
62.032,69.024,37.5,35.0,99.532,104.024,4.492000000000004,4.512668019529449
59.668,62.168,37.5,35.0,97.168,97.168,0.0,0.0
63.396,67.132,42.5,37.5,105.896,104.632,-1.2639999999999958,-1.193511226937091
61.96,69.368,35.0,37.5,96.96000000000001,106.868,9.907999999999987,10.21759307002164
59.772,70.536,45.0,42.5,104.77199999999999,113.036,8.26400000000001,7.886850794983881
62.676,65.64,37.5,35.0,100.176,100.64,0.46399999999999864,0.46313856227416866
59.532,62.252,37.5,42.5,97.032,104.75200000000001,7.720000000000013,7.95531831578081
65.292,66.432,37.5,42.5,102.792,108.932,6.140000000000001,5.972646446567187
62.168,67.25200000000001,35.0,40.0,97.168,107.25200000000001,10.084000000000003,10.376834262899012
63.716,63.724000000000004,40.0,40.0,103.71600000000001,103.724,0.007999999999995566,0.0077126274993690735
68.71600000000001,68.44800000000001,37.5,45.0,106.21600000000001,113.44800000000001,7.231999999999999,6.808126070830116
69.108,63.848,42.5,40.0,111.608,103.848,-7.760000000000005,-6.952283681843434
69.532,71.824,42.5,47.5,112.032,119.324,7.292000000000002,6.5082736830831305
64.448,64.27199999999999,40.0,42.5,104.448,106.77199999999999,2.323999999999998,2.224817630052268
63.396,61.608000000000004,37.5,35.0,100.896,96.608,-4.287999999999997,-4.2494995342199635
63.932,64.83600000000001,37.5,45.0,101.432,109.83600000000001,8.40400000000001,8.28453697679463
71.432,67.724,35.0,35.0,106.432,102.724,-3.7079999999999984,-3.483587305762761
64.108,70.292,37.5,37.5,101.608,107.792,6.1839999999999975,6.0855360270818135
60.92,65.996,42.5,40.0,103.42,105.996,2.5759999999999934,2.4905733346224435
74.116,70.904,37.5,45.0,111.616,115.904,4.287999999999997,3.8413989572321827
61.068000000000005,65.292,45.0,47.5,106.06800000000001,112.792,6.7239999999999895,6.338731876543664
66.77199999999999,66.77199999999999,40.0,37.5,106.77199999999999,104.27199999999999,-2.5,-2.341218557434774
64.77199999999999,68.036,37.5,37.5,102.27199999999999,105.536,3.26400000000001,3.191177333255128
66.46000000000001,71.076,40.0,42.5,106.46000000000001,113.576,7.1159999999999854,6.683572837418977
71.348,69.27199999999999,37.5,37.5,108.848,106.77199999999999,-2.0760000000000076,-1.907071597861441
62.032,70.216,37.5,40.0,99.532,110.216,10.683999999999997,10.733157863012593
60.012,60.260000000000005,40.0,37.5,100.012,97.76,-2.2519999999999953,-2.2515046689728213
67.476,61.772,37.5,40.0,104.976,101.77199999999999,-3.2040000000000077,-3.051835482826289
64.108,66.48400000000001,45.0,37.5,109.108,103.98400000000001,-5.123999999999995,-4.6958338679227944
63.932,74.632,42.5,42.5,106.432,117.132,10.700000000000003,10.052422915766334
64.46000000000001,67.93199999999999,40.0,42.5,104.46000000000001,110.43199999999999,5.97199999999998,5.716473628792935
70.116,69.324,37.5,37.5,107.616,106.824,-0.7920000000000016,-0.7358816642818664
61.96,63.035999999999994,45.0,37.5,106.96000000000001,100.536,-6.424000000000007,-6.005422080957283
74.72399999999999,74.32,40.0,35.0,114.72399999999999,109.32,-5.403999999999996,-4.710024927222965
63.92,67.604,37.5,40.0,101.42,107.604,6.1839999999999975,6.096815537809324
62.876000000000005,60.260000000000005,45.0,42.5,107.876,102.76,-5.116,-4.742042526370427
61.468,64.98,37.5,42.5,98.968,107.48,8.512,8.599890884843097
66.96000000000001,70.224,37.5,40.0,104.46000000000001,110.224,5.763999999999996,5.517373408634054
69.356,66.856,45.0,40.0,114.356,106.856,-7.5,-6.557893080111222
63.019999999999996,65.68,37.5,40.0,100.52,105.68,5.160000000000011,5.132796180244714
66.484,63.876000000000005,40.0,37.5,106.484,101.376,-5.10799999999999,-4.796514357616382
59.46,67.828,37.5,37.5,96.96000000000001,105.328,8.367999999999995,8.629473032896765
61.94799999999999,66.524,37.5,37.5,99.448,104.024,4.576000000000008,4.600937078968014
61.608000000000004,65.276,37.5,37.5,99.108,102.776,3.667999999999992,3.70063964163925
69.668,74.632,40.0,37.5,109.668,112.132,2.4639999999999986,2.2465763416546602
61.772,64.27199999999999,40.0,47.5,101.77199999999999,111.77199999999999,10.0,9.824919926902597
64.668,60.18,37.5,47.5,102.168,107.68,5.5120000000000005,5.394507623950361
67.93199999999999,62.828,42.5,40.0,110.43199999999999,102.828,-7.603999999999985,-6.88506184241501
61.94799999999999,67.568,37.5,37.5,99.448,105.068,5.6200000000000045,5.650626395061236
64.356,71.77199999999999,37.5,40.0,101.856,111.77199999999999,9.915999999999997,9.73435690024149
64.024,69.452,37.5,37.5,101.524,106.952,5.427999999999997,5.345992475426947
66.608,64.356,37.5,37.5,104.108,101.856,-2.2520000000000095,-2.162930521139485
66.608,68.932,45.0,42.5,111.608,111.432,-0.17600000000000193,-0.15768066082531662
66.332,66.064,40.0,42.5,106.332,108.564,2.2319999999999993,2.0988884918470587
66.392,65.99600000000001,40.0,45.0,106.392,110.99600000000001,4.604000000000013,4.326986334843342
64.77199999999999,67.828,37.5,45.0,102.27199999999999,112.828,10.556000000000012,10.320486498113073
63.43599999999999,63.547999999999995,45.0,40.0,108.43599999999999,103.548,-4.887999999999991,-4.5073123951090786
63.568000000000005,65.292,40.0,42.5,103.56800000000001,107.792,4.2239999999999895,4.078086080055599
66.948,66.77199999999999,37.5,37.5,104.448,104.27199999999999,-0.17600000000000193,-0.16848877060636996
71.868,67.44,40.0,40.0,111.868,107.44,-4.427999999999997,-3.957882693648436
64.448,69.27199999999999,0.0,42.5,64.448,111.77199999999999,47.324,73.41834993328989
63.132000000000005,61.855999999999995,40.0,37.5,103.132,99.356,-3.7760000000000105,-3.660972251846978
63.832,68.832,40.0,42.5,103.832,111.332,7.5,7.222511122667129
66.804,67.98400000000001,37.5,42.5,104.304,110.48400000000001,6.180000000000007,5.924420499645308
59.532,61.855999999999995,35.0,40.0,94.532,101.856,7.323999999999998,7.7468215184785585
66.21600000000001,66.804,37.5,40.0,103.71600000000001,106.804,3.087999999999994,2.9770742147581064
64.532,68.932,37.5,42.5,102.032,111.432,9.400000000000006,9.211893142039557
66.868,69.804,37.5,42.5,104.368,112.304,7.936000000000007,7.603134760198516
65.068,64.804,35.0,40.0,100.068,104.804,4.736000000000004,4.7323087991366775
63.132000000000005,64.54400000000001,37.5,45.0,100.632,109.54400000000001,8.912000000000006,8.855149937401885
61.608000000000004,63.848,45.0,45.0,106.608,108.848,2.239999999999995,2.1009585623440645
61.84,63.488,37.5,40.0,99.34,103.488,4.147999999999996,4.175138399597379
66.96000000000001,66.96000000000001,37.5,35.0,104.46000000000001,101.96000000000001,-2.5,-2.3930314922944382
70.524,68.496,37.5,42.5,108.024,110.996,2.971999999999994,2.75098580076642
67.304,71.688,40.0,45.0,107.304,116.688,9.384,8.744432226922862
69.46000000000001,68.42399999999999,37.5,42.5,106.96000000000001,110.92399999999999,3.9639999999999844,3.705711881836014
62.168,72.392,35.0,40.0,97.168,112.392,15.22399999999999,15.666097264813011
59.46,61.96,40.0,37.5,99.46000000000001,99.46000000000001,0.0,0.0
65.632,69.368,42.5,42.5,108.132,111.868,3.73599999999999,3.454716946237345
61.94799999999999,62.272,42.5,37.5,104.448,99.77199999999999,-4.676000000000002,-4.476440291791918
66.524,71.952,40.0,37.5,106.524,109.452,2.9279999999999973,2.7484183453169853
64.448,69.27199999999999,37.5,37.5,101.948,106.77199999999999,4.823999999999998,4.731359971753073
67.624,67.624,40.0,40.0,107.624,107.624,0.0,0.0
58.42,67.98400000000001,42.5,37.5,100.92,105.48400000000001,4.564000000000007,4.521945903101166
60.260000000000005,67.876,35.0,42.5,95.26,110.376,15.116,15.866484727616246
64.27199999999999,64.27199999999999,42.5,45.0,106.77199999999999,109.27199999999999,2.5,2.341218557434774
68.044,72.72399999999999,40.0,42.5,108.044,115.22399999999999,7.179999999999993,6.644825735280501
63.568000000000005,70.332,40.0,40.0,103.56800000000001,110.332,6.763999999999982,6.530344281604183
62.168,69.368,40.0,40.0,102.168,109.368,7.199999999999989,7.046526649572303
72.388,69.40799999999999,40.0,42.5,112.388,111.90799999999999,-0.4800000000000182,-0.42705386216838215
67.616,67.616,37.5,42.5,105.116,110.116,5.0,4.756197325114624
64.356,66.432,40.0,37.5,104.356,103.932,-0.4239999999999924,-0.40626257593468407
64.668,64.83600000000001,37.5,37.5,102.168,102.33600000000001,0.16800000000000637,0.16441895515669355
64.532,64.40799999999999,37.5,45.0,102.032,109.40799999999999,7.375999999999991,7.2283961506046435
74.756,78.49199999999999,40.0,40.0,114.756,118.49199999999999,3.73599999999999,3.2553195197183746
68.724,73.95599999999999,40.0,42.5,108.724,116.45599999999999,7.731999999999985,7.11093126345024
62.70400000000001,60.64,37.5,37.5,100.20400000000001,98.14,-2.064000000000007,-2.059592472109692
62.168,62.92399999999999,42.5,37.5,104.668,100.42399999999999,-4.244000000000014,-4.054338065305044
68.968,74.54400000000001,37.5,45.0,106.468,119.54400000000001,13.076000000000008,12.280471083228466
67.568,67.304,37.5,40.0,105.068,107.304,2.236000000000004,2.12794305182817
66.868,64.27199999999999,37.5,45.0,104.368,109.27199999999999,4.903999999999996,4.698308072582342
63.396,67.608,40.0,47.5,103.396,115.108,11.712000000000003,11.326228652109164
69.696,68.008,37.5,40.0,107.196,108.008,0.8119999999999976,0.7574202936402791
69.368,66.868,37.5,47.5,106.868,114.368,7.5,7.017346881491046
65.632,65.452,37.5,42.5,103.132,107.952,4.819999999999993,4.673169029105498
66.348,70.076,37.5,42.5,103.848,112.576,8.727999999999994,8.403782087080431
67.132,67.132,42.5,40.0,109.632,107.132,-2.5,-2.2801481184217725
64.46000000000001,67.724,37.5,37.5,101.96000000000001,105.224,3.263999999999996,3.200941453368633
61.96,62.272,37.5,40.0,99.46000000000001,102.27199999999999,2.8119999999999834,2.8269830099527327
65.632,61.524,37.5,40.0,103.132,101.524,-1.608000000000004,-1.5590157258924628
61.96,65.112,42.5,47.5,104.46000000000001,112.612,8.151999999999987,7.8031970900736916
68.396,71.844,37.5,40.0,105.896,111.844,5.947999999999993,5.616301248276766
70.292,65.376,42.5,42.5,112.792,107.876,-4.915999999999997,-4.358078757468836
67.568,65.328,40.0,45.0,107.568,110.328,2.760000000000005,2.5655803231143963
72.568,72.78399999999999,40.0,45.0,112.568,117.78399999999999,5.215999999999994,4.633232070209094
63.92,68.3,37.5,40.0,101.42,108.3,6.8799999999999955,6.783003056294977
62.168,59.504,37.5,40.0,99.668,99.50399999999999,-0.1640000000000157,-0.16452978591064796
65.43199999999999,66.868,37.5,37.5,102.93199999999999,104.368,1.436000000000007,1.3949602688892844
61.96,64.344,42.5,40.0,104.46000000000001,104.344,-0.11600000000001387,-0.11103666124247522
70.92399999999999,68.63199999999999,40.0,40.0,110.92399999999999,108.63199999999999,-2.2920000000000016,-2.0660933528043715
72.568,62.676,37.5,40.0,110.068,102.676,-7.391999999999996,-6.7152382855793125
69.632,67.93199999999999,37.5,37.5,107.132,105.43199999999999,-1.700000000000017,-1.5866793601015632
66.348,65.292,42.5,45.0,108.848,110.292,1.4440000000000026,1.3264987414797282
64.304,58.727999999999994,35.0,47.5,99.304,106.228,6.923999999999992,6.971826731377239
65.632,67.576,42.5,45.0,108.132,112.576,4.443999999999988,4.109411699432217
68.724,74.72399999999999,37.5,42.5,106.224,117.22399999999999,10.999999999999986,10.354500442419551
75.904,70.904,45.0,40.0,120.904,110.904,-10.0,-8.27034090345204
69.368,75.068,45.0,42.5,114.368,117.568,3.200000000000003,2.797740824284393
64.27199999999999,70.116,40.0,42.5,104.27199999999999,112.616,8.344000000000008,8.001380871099526
63.576,64.05199999999999,37.5,40.0,101.076,104.05199999999999,2.975999999999999,2.9440278574678977
66.436,70.92399999999999,42.5,40.0,108.936,110.92399999999999,1.9879999999999853,1.8247572191727874
61.964,62.792,42.5,45.0,104.464,107.792,3.328000000000003,3.185481555219483
63.716,60.988,40.0,40.0,103.71600000000001,100.988,-2.7280000000000086,-2.63000597728632
59.668,62.931999999999995,37.5,37.5,97.168,100.43199999999999,3.2639999999999816,3.358784910164833
63.556,69.344,37.5,42.5,101.056,111.844,10.787999999999997,10.674212890586347
72.304,75.076,40.0,42.5,112.304,117.576,5.271999999999991,4.693982940684146
61.524,68.848,37.5,45.0,99.024,113.848,14.823999999999998,14.968596643576952
67.44,67.616,37.5,42.5,104.94,110.116,5.176000000000002,4.931872320152455
70.896,65.536,40.0,45.0,110.896,110.536,-0.35999999999999943,-0.32459921014192145
64.804,67.832,40.0,47.5,104.804,115.332,10.527999999999992,10.044459709580774
64.356,62.676,37.5,42.5,101.856,105.176,3.3200000000000074,3.2591836334007493
61.352000000000004,63.716,35.0,40.0,96.352,103.71600000000001,7.364000000000004,7.642016562545406
67.304,67.568,42.5,40.0,109.804,107.568,-2.236000000000004,-2.0361702515162037
62.715999999999994,66.688,37.5,37.5,100.216,104.188,3.9720000000000084,3.9630435216410995
61.964,62.792,40.0,40.0,101.964,102.792,0.828000000000003,0.8119716790554484
66.20400000000001,72.304,37.5,40.0,103.70400000000001,112.304,8.599999999999994,8.29203386235223
67.132,74.81200000000001,40.0,37.5,107.132,112.31200000000001,5.180000000000007,4.834705344309427
65.632,67.616,40.0,42.5,105.632,110.116,4.483999999999995,4.244523958274166
57.68,57.620000000000005,37.5,42.5,95.18,100.12,4.939999999999998,5.189620758483031
60.452,65.116,35.0,37.5,95.452,102.616,7.1640000000000015,7.504556786993779
79.632,71.908,37.5,42.5,117.132,114.408,-2.7240000000000038,-2.3253828686551397
61.332,60.7,37.5,40.0,98.832,100.7,1.8680000000000092,1.889884866757056
63.852000000000004,67.98400000000001,37.5,40.0,101.352,107.98400000000001,6.632000000000005,6.542885894122062
65.896,74.188,42.5,42.5,108.396,116.688,8.292000000000002,7.649023116801654
57.032,57.760000000000005,35.0,40.0,92.032,97.76,5.728000000000009,6.223245909476118
62.004,67.132,40.0,45.0,102.00399999999999,112.132,10.128000000000014,9.928049091301208
74.81200000000001,66.432,37.5,40.0,112.31200000000001,106.432,-5.88000000000001,-5.234949520129635
70.368,73.42399999999999,40.0,37.5,110.368,110.92399999999999,0.5559999999999974,0.5037235681023369
63.932,74.632,37.5,35.0,101.432,109.632,8.200000000000003,8.083436840756296
65.632,74.624,47.5,40.0,113.132,114.624,1.4919999999999902,1.3186968588145782
63.483999999999995,60.768,37.5,40.0,100.984,100.768,-0.21599999999999397,-0.21387409153018394
69.368,72.132,37.5,40.0,106.868,112.132,5.26400000000001,4.925241864555858
56.94799999999999,59.928,40.0,40.0,96.948,99.928,2.980000000000004,3.073495740423693
63.483999999999995,64.8,37.5,37.5,100.984,102.3,1.3160000000000025,1.3030477058043077
61.524,65.116,37.5,45.0,99.024,110.116,11.091999999999999,11.200193872811354
65.896,67.132,35.0,37.5,100.896,104.632,3.736000000000004,3.702455750896878
64.27199999999999,68.848,35.0,37.5,99.27199999999999,106.348,7.076000000000008,7.127173102878677
70.48400000000001,71.616,37.5,42.5,107.98400000000001,114.116,6.131999999999991,5.678093227401513
62.168,61.843999999999994,40.0,35.0,102.168,96.844,-5.324000000000012,-5.210514983655984
59.564,65.068,40.0,37.5,99.564,102.568,3.004000000000005,3.0168517886195243
60.632000000000005,63.18000000000001,47.5,45.0,108.132,108.18,0.04800000000000182,0.04438608496236598
77.132,69.368,37.5,42.5,114.632,111.868,-2.76400000000001,-2.4109837581340257
66.432,66.868,40.0,50.0,106.432,116.868,10.435999999999993,9.804400518592278
69.452,69.368,35.0,42.5,104.452,111.868,7.415999999999997,7.099232256705784
64.632,64.632,37.5,45.0,102.132,109.632,7.5,7.342718959879383
72.568,69.368,37.5,40.0,110.068,109.368,-0.7000000000000028,-0.6359127164374379
66.06800000000001,67.824,37.5,45.0,103.56800000000001,112.824,9.255999999999986,8.936260595879418
66.348,72.568,37.5,40.0,103.848,112.568,8.719999999999999,8.396079262069362
67.388,62.784,37.5,40.0,104.888,102.78399999999999,-2.1040000000000134,-2.0057579744132523
66.20400000000001,68.70400000000001,37.5,40.0,103.70400000000001,108.70400000000001,5.0,4.8209499199722305
59.532,69.888,45.0,40.0,104.532,109.888,5.356000000000009,5.123299726425751
64.72,71.844,42.5,40.0,107.22,111.844,4.623999999999995,4.312226056141001
59.772,59.355999999999995,40.0,42.5,99.77199999999999,101.856,2.084000000000003,2.088553045639497
67.168,69.368,40.0,37.5,107.168,106.868,-0.30000000000001137,-0.2799081901136533
58.9,61.244,35.0,42.5,93.9,103.744,9.843999999999994,10.482376743690761
66.332,70.896,37.5,37.5,103.832,108.396,4.564000000000007,4.395138768513711
63.396,71.952,42.5,42.5,105.896,114.452,8.555999999999997,8.078862387400143
63.848,69.632,37.5,37.5,101.348,107.132,5.784000000000006,5.706505653229153
70.068,76.47200000000001,42.5,45.0,112.568,121.47200000000001,8.90400000000001,7.9091829664765845
69.368,67.06,42.5,37.5,111.868,104.56,-7.307999999999993,-6.532115339923839
67.568,75.068,35.0,42.5,102.568,117.568,15.0,14.623018580982276
67.224,70.48400000000001,37.5,40.0,104.724,110.48400000000001,5.760000000000005,5.4996467240819635
61.524,64.27199999999999,45.0,42.5,106.524,106.77199999999999,0.24799999999999045,0.23278953198039165
65.896,69.632,37.5,37.5,103.396,107.132,3.736000000000004,3.6129431561031313
70.896,69.368,42.5,40.0,113.396,109.368,-4.028000000000006,-3.5518402906371844
62.832,66.28,42.5,40.0,105.332,106.28,0.9480000000000075,0.899925955459368
61.772,75.116,37.5,40.0,99.27199999999999,115.116,15.844000000000008,15.958582623234834
61.96,59.564,40.0,40.0,101.96000000000001,99.564,-2.396000000000015,-2.3497106992252768
61.524,70.068,37.5,37.5,99.024,107.568,8.543999999999997,8.627340105418337
58.832,58.832,42.5,45.0,101.332,103.832,2.5,2.466894278778789
69.368,63.092,37.5,40.0,106.868,103.092,-3.7759999999999962,-3.5330002432680216
66.25200000000001,71.25200000000001,40.0,40.0,106.25200000000001,111.25200000000001,5.0,4.705350925071992
72.304,70.076,42.5,40.0,114.804,110.076,-4.728000000000009,-4.117964708136646
60.535999999999994,65.64,37.5,45.0,98.036,110.64,12.604,12.855190420822877
67.304,71.332,42.5,42.5,109.804,113.832,4.027999999999992,3.6680204709781914
67.568,69.632,40.0,40.0,107.568,109.632,2.064000000000007,1.9186078938072906
68.396,67.132,37.5,42.5,105.896,109.632,3.736000000000004,3.527656601136861
64.668,63.236000000000004,40.0,47.5,104.668,110.736,6.067999999999998,5.796824547660441
65.16,65.932,40.0,45.0,105.16,110.932,5.772000000000006,5.488257107540178
72.93199999999999,67.568,37.5,45.0,110.43199999999999,112.568,2.13600000000001,1.9340468300103313
66.348,65.332,40.0,45.0,106.348,110.332,3.9839999999999947,3.7458395231200234
63.396,61.608000000000004,35.0,50.0,98.396,111.608,13.212000000000003,13.426010609109202
67.22,70.292,40.0,37.5,107.22,107.792,0.5720000000000027,0.5334328079828431
64.304,67.984,35.0,40.0,99.304,107.984,8.679999999999993,8.739956098838022
68.95599999999999,66.472,37.5,37.5,106.45599999999999,103.972,-2.4839999999999947,-2.3331392181541477
71.484,75.292,45.0,37.5,116.484,112.792,-3.691999999999993,-3.1692619362370533
67.388,72.388,42.5,40.0,109.888,112.388,2.5,2.274836666727329
70.904,73.404,35.0,37.5,105.904,110.904,5.0,4.720811224200767
61.524,74.632,42.5,40.0,104.024,114.632,10.608000000000004,10.196666474421827
62.032,66.432,42.5,35.0,104.532,101.432,-3.0999999999999943,-2.965315375638494
64.27199999999999,72.22,40.0,37.5,104.27199999999999,109.72,5.4480000000000075,5.224295659845427
72.568,74.632,40.0,40.0,112.568,114.632,2.064000000000007,1.8333955124447112
67.568,68.564,37.5,42.5,105.068,111.064,5.995999999999995,5.706237271360317
72.568,74.888,35.0,40.0,107.568,114.888,7.320000000000007,6.804365204781653
69.632,74.632,37.5,35.0,107.132,109.632,2.5,2.3333520001493344
65.076,64.024,42.5,45.0,107.576,109.024,1.4480000000000075,1.34590002416672
69.624,70.068,40.0,37.5,109.624,107.568,-2.0559999999999974,-1.875330645602639
69.632,69.632,40.0,40.0,109.632,109.632,0.0,0.0
67.568,69.368,42.5,40.0,110.068,109.368,-0.7000000000000028,-0.6359127164374379
69.356,61.24,37.5,47.5,106.856,108.74000000000001,1.8840000000000146,1.7629554769524587
61.96,67.132,37.5,40.0,99.46000000000001,107.132,7.671999999999997,7.712878254750172
65.632,66.8,42.5,50.0,108.132,116.8,8.667999999999992,8.015387176120278
72.132,72.132,42.5,42.5,114.632,114.632,0.0,0.0
66.4,65.996,37.5,40.0,103.9,105.996,2.0959999999999894,2.017130208834558
66.392,65.99600000000001,35.0,35.0,101.392,100.99600000000001,-0.3959999999999866,-0.390524841719085
69.27199999999999,74.804,40.0,40.0,109.27199999999999,114.804,5.532000000000011,5.062132830658307
62.760000000000005,67.792,40.0,40.0,102.76,107.792,5.0319999999999965,4.896370536148678
59.355999999999995,60.564,42.5,47.5,101.856,108.064,6.207999999999998,6.094280721732471
63.832,72.568,37.5,42.5,101.332,115.068,13.736000000000004,13.55410392532218
64.27199999999999,65.332,42.5,37.5,106.77199999999999,102.832,-3.9399999999999977,-3.689760446517201
65.896,74.452,37.5,45.0,103.396,119.452,16.055999999999997,15.5271454267644
66.056,66.432,40.0,42.5,106.056,108.932,2.8760000000000048,2.7115192427356596
66.348,69.632,42.5,40.0,108.848,109.632,0.784000000000006,0.7202043028532639
64.108,73.708,35.0,37.5,99.108,111.208,12.099999999999994,12.207671664077155
67.616,70.116,42.5,47.5,110.116,117.616,7.5,6.8103808364963765
66.524,73.848,45.0,40.0,111.524,113.848,2.323999999999998,2.083669553678697
61.332,61.332,37.5,40.0,98.832,101.332,2.5,2.5292891685720646
70.904,67.6,45.0,47.5,115.904,115.1,-0.804000000000002,-0.6936176820746432
70.332,66.28,37.5,47.5,107.832,113.78,5.9480000000000075,5.5154763450232815
66.348,75.076,37.5,45.0,103.848,120.076,16.227999999999994,15.625180534961192
57.472,69.632,37.5,35.0,94.97200000000001,104.632,9.659999999999997,10.170348065949332
61.908,61.855999999999995,40.0,50.0,101.908,111.856,9.947999999999993,9.760788084538543
64.108,63.848,35.0,40.0,99.108,103.848,4.739999999999995,4.782178817167411
62.18,63.984,40.0,42.5,102.18,106.48400000000001,4.304000000000002,4.21176240336628
61.96,59.46,42.5,40.0,104.46000000000001,99.46000000000001,-5.0,-4.7860629845888765
74.632,74.632,42.5,40.0,117.132,114.632,-2.5,-2.1341619572826143
64.46000000000001,70.076,37.5,42.5,101.96000000000001,112.576,10.615999999999985,10.410905168186707
71.868,71.868,40.0,42.5,111.868,114.368,2.5,2.2345769498918466
61.608000000000004,66.868,40.0,40.0,101.608,106.868,5.259999999999991,5.176248302466089
65.224,68.792,40.0,40.0,105.224,108.792,3.567999999999998,3.3905391793526785
59.44799999999999,61.824,45.0,45.0,104.448,106.824,2.3760000000000048,2.274598403185974
63.132000000000005,69.368,40.0,37.5,103.132,106.868,3.73599999999999,3.62219076612824
61.524,68.848,37.5,42.5,99.024,111.348,12.323999999999998,12.444211079023363
59.772,66.824,40.0,42.5,99.77199999999999,109.324,9.552000000000007,9.57286885410195
66.608,72.568,40.0,45.0,106.608,117.568,10.959999999999994,10.279690108612048
64.888,65.332,40.0,37.5,104.888,102.832,-2.0560000000000116,-1.9599992373543933
66.348,69.632,40.0,45.0,106.348,114.632,8.284000000000006,7.788788807612032
72.44,67.576,40.0,37.5,112.44,105.076,-7.364000000000004,-6.5486883059137435
66.868,72.616,42.5,37.5,109.368,110.116,0.7480000000000047,0.6838669567920466
65.28399999999999,66.064,40.0,47.5,105.28399999999999,113.564,8.280000000000001,7.863695937090434
68.932,61.94799999999999,42.5,40.0,111.432,101.948,-9.484000000000009,-8.510256456273225
67.868,67.612,47.5,45.0,115.368,112.612,-2.7560000000000002,-2.388670283762936
60.92,66.224,40.0,42.5,100.92,108.724,7.804000000000002,7.7320915485980395
62.168,66.348,42.5,40.0,104.668,106.348,1.6799999999999926,1.6049217600641896
66.77199999999999,66.77199999999999,40.0,37.5,106.77199999999999,104.27199999999999,-2.5,-2.341218557434774
59.532,65.224,42.5,45.0,102.032,110.224,8.192000000000007,8.028066874424264
63.492,64.492,35.0,45.0,98.49199999999999,109.492,11.000000000000014,11.167285943432635
64.108,64.024,45.0,42.5,109.108,106.524,-2.584000000000003,-2.3680785938158717
67.168,69.632,40.0,45.0,107.168,114.632,7.463999999999999,6.964115770027429
64.83600000000001,62.512,42.5,47.5,107.33600000000001,110.012,2.6759999999999877,2.4928735118215744
60.92,61.396,37.5,45.0,98.42,106.396,7.975999999999999,8.103220562836531
62.168,64.97200000000001,42.5,42.5,104.668,107.47200000000001,2.804000000000002,2.6786908423928635
61.96,65.224,42.5,35.0,104.46000000000001,100.224,-4.236000000000004,-4.0547525605437
70.368,63.78,37.5,45.0,107.868,108.78,0.9120000000000061,0.8453994326924916
68.44399999999999,67.25200000000001,40.0,42.5,108.44399999999999,109.75200000000001,1.3080000000000211,1.2060412709536035
67.304,65.292,40.0,42.5,107.304,107.792,0.48799999999999955,0.4547402948357153
68.132,67.616,42.5,37.5,110.632,105.116,-5.516000000000005,-4.985448563836522
65.328,65.332,35.0,35.0,100.328,100.332,0.003999999999990678,0.00398652554365313
62.512,64.83600000000001,40.0,37.5,102.512,102.33600000000001,-0.17599999999998772,-0.17167047072822195
61.94799999999999,66.348,47.5,45.0,109.448,111.348,1.9000000000000057,1.7358256134773207
62.168,66.524,37.5,45.0,99.668,111.524,11.855999999999995,11.894299644856432
60.18,62.252,37.5,37.5,97.68,99.75200000000001,2.0720000000000027,2.120994984133486
57.272,59.564,37.5,45.0,94.77199999999999,104.564,9.792000000000002,10.331075520668483
63.236000000000004,65.068,37.5,45.0,100.736,110.068,9.331999999999994,9.262898775137467
65.28399999999999,70.64,45.0,40.0,110.28399999999999,110.64,0.35600000000000875,0.3227736776252641
65.16,68.46799999999999,40.0,47.5,105.16,115.96799999999999,10.807999999999993,10.276694874964337
61.96,62.715999999999994,42.5,40.0,104.46000000000001,102.716,-1.744000000000014,-1.6693787690246136
60.736000000000004,60.943999999999996,37.5,42.5,98.236,103.44399999999999,5.207999999999984,5.300979174724653
61.96,66.688,42.5,40.0,104.46000000000001,106.688,2.2279999999999944,2.132669665932798
62.168,67.93199999999999,45.0,40.0,107.168,107.93199999999999,0.7639999999999816,0.7128328574893928
65.896,67.616,40.0,40.0,105.896,107.616,1.7199999999999989,1.6240817328574384
67.568,66.348,37.5,40.0,105.068,106.348,1.2800000000000011,1.2181427130322247
64.024,64.024,40.0,40.0,104.024,104.024,0.0,0.0
62.336,64.83600000000001,37.5,40.0,99.836,104.83600000000001,5.000000000000014,5.0077118762895
61.96,67.304,40.0,45.0,101.96000000000001,112.304,10.343999999999994,10.144160047072662
64.46000000000001,66.432,37.5,40.0,101.96000000000001,106.432,4.471999999999994,4.385603608904574
61.96,67.92399999999999,42.5,37.5,104.46000000000001,105.42399999999999,0.9639999999999844,0.9227529434287205
59.772,67.832,45.0,42.5,104.77199999999999,110.332,5.560000000000002,5.306254891107254
62.168,66.348,40.0,45.0,102.168,111.348,9.179999999999993,8.984321478204693
57.876000000000005,65.9,45.0,47.5,102.876,113.4,10.524000000000001,10.228796920863868
66.524,68.848,35.0,37.5,101.524,106.348,4.823999999999998,4.751117852148047
62.652,66.992,40.0,40.0,102.652,106.992,4.340000000000003,4.2274648847674925
64.976,67.476,42.5,42.5,107.476,109.976,2.5,2.3258843012113206
63.936,63.443999999999996,35.0,37.5,98.936,100.94399999999999,2.0079999999999814,2.029389768156349
56.94799999999999,56.94799999999999,45.0,42.5,101.948,99.448,-2.5,-2.4519900351124972
72.304,74.804,37.5,42.5,109.804,117.304,7.5,6.829730271185823
64.652,70.832,37.5,40.0,102.152,110.832,8.679999999999993,8.496309782502292
59.668,60.328,35.0,42.5,94.668,102.828,8.159999999999997,8.61868649527873
59.564,62.784,45.0,45.0,104.564,107.78399999999999,3.219999999999999,3.079159255646718
63.900000000000006,67.476,35.0,40.0,98.9,107.476,8.575999999999993,8.67050854312
66.524,67.576,40.0,37.5,106.524,105.076,-1.4480000000000075,-1.3591904931758945
64.024,63.848,42.5,40.0,106.524,103.848,-2.676000000000002,-2.5118741434659375
65.224,67.132,40.0,40.0,105.224,107.132,1.9080000000000013,1.813102229317522
67.304,61.068000000000005,40.0,42.5,107.304,103.56800000000001,-3.73599999999999,-3.4813724211193224
61.96,63.132000000000005,37.5,37.5,99.46000000000001,100.632,1.171999999999997,1.1782446968935325
65.544,65.544,37.5,37.5,103.044,103.044,0.0,0.0
66.524,66.432,45.0,40.0,111.524,106.432,-5.091999999999999,-4.565423996270194
59.772,67.304,35.0,37.5,94.77199999999999,104.804,10.03200000000001,10.584288155978996
63.236000000000004,64.27199999999999,40.0,40.0,103.236,104.27199999999999,1.0359999999999872,1.0034287042597168
64.464,66.024,40.0,42.5,104.464,108.524,4.060000000000002,3.886134349216075
61.855999999999995,66.908,40.0,45.0,101.856,111.908,10.052000000000007,9.867865627392856
63.483999999999995,70.9,40.0,45.0,103.484,115.9,12.416000000000011,11.99683073414885
62.336,61.772,37.5,40.0,99.836,101.77199999999999,1.9359999999999928,1.9389860384992816
59.564,62.980000000000004,45.0,42.5,104.564,105.48,0.916000000000011,0.8759347447740462
62.22,65.332,42.5,40.0,104.72,105.332,0.6119999999999948,0.584359782297331
62.168,72.132,47.5,42.5,109.668,114.632,4.963999999999999,4.525976038950381
68.396,64.75200000000001,37.5,42.5,105.896,107.25200000000001,1.3560000000000088,1.2803807149736641
65.73599999999999,66.348,45.0,45.0,110.73599999999999,111.348,0.612000000000009,0.5526158958337177
64.668,62.064,42.5,37.5,107.168,99.564,-7.604000000000013,-7.094739592080476
